19000895,ALSOP,JASMINE,GROUP A,NS
19095988,AMIR,MUHAMMED AANIS,GROUP A
19094745,BALL,DANIEL,GROUP A
19096227,BRUCE,EACHANN,GROUP A
20000514,CANNON,HARRISON,GROUP A
19094845,DANDY,ROSEMARY,GROUP A
18036684,DUCKWORTH,SIAN,GROUP A
19093872,EMERSON,LUCY,GROUP A
19093718,FAIRWEATHER,ANDREW,GROUP A
19094888,GLYNN,JONATHAN,GROUP A
20001064,HALL,JOSEPH,GROUP A
12010656,HAMPSON,JOSHUA JAMES,GROUP A
19007186,HEATON,OLIVER JAKE,GROUP A
19072803,ITHELL,LUCY,GROUP A
19091246,KELLY,LUKE,GROUP A
19094828,KERFOOT,JONATHAN,GROUP A
19093961,MARKLAND,MIKE,GROUP A,NS
19046215,MCKENNA,MELISSA JADE,GROUP A
08348094,MESTON,AMBER JADE,GROUP A
19094515,NOONE,SARAH,GROUP A
19081629,O'NEILL,JOSHUA JAMES WILLIAM,GROUP A,NS
19074997,O'RIORDAN,DECLAN,GROUP A
19002668,PATEL,MUHAMMAD ASLAM,GROUP A
15089578,PINK,JAMES,GROUP A
18007296,RAVEN,EDWARD JACK,GROUP A
19023902,ROSE,DIANE,GROUP A
19095017,ROSS,CALLUM,GROUP A
18032312,THOMPSON,JOSEPH,GROUP A
19096275,WOODHEAD,JACK BRANDON,GROUP A,NS
19095855,YOUNIS,FASEE,GROUP A
19094885,BEARDSELL,FLYNN,GROUP B
19094746,BENNETT,JOSEPH,GROUP B
19095845,BIGOUDE,STEPHEN,GROUP B
19095320,COLLINS,JOE,GROUP B
19094688,CORBETT,MICHAEL LEE,GROUP B
19080846,DYER,BRADLEY,GROUP B
19094752,EVANS,TOM,GROUP B
19096231,FLAHERTY,REECE,GROUP B
19096514,GLANVILL,JOEL,GROUP B
19096232,HENDERSON,CONOR,GROUP B
19094968,HILL,GARETH,GROUP B
19092678,HOWELL,AARAN,GROUP B
19095451,JOHNSTONE,LUKE,GROUP B
19096258,JONES,LEONI DANA,GROUP B
19096256,JONES,HENRY,GROUP B
19095007,JOYCE,ANDREW,GROUP B
19094897,LAWRENCE,WAYNE,GROUP B
19094717,MATTHEWS,FELIX,GROUP B
19095011,MITCHINSON,CRAIG,GROUP B
19094854,ODZIEMSKI,ETHAN,GROUP B
19096270,ORAH,CINDERELLA ONYINYECHUKWU,GROUP B
19094715,REEVES,SAMUEL ALEXANDER,GROUP B
19094758,ROGERS,JAMES MATTHEW,GROUP B
19095852,ROGERS,ADAM,GROUP B
19078234,SIDEBOTTOM,BRANDON LEE JONATHAN,GROUP B
19068788,WASEEM,MOHAMMED,GROUP B
19094128,WILCOCK,SAMUEL,GROUP B
19095853,WITKOWSKA,MALGORZATA,GROUP B
19094962,WYCH,JAKE,GROUP B
19079899,ZAMAN,FAIZUL HASAN MOHAMMED,GROUP B,EF
19000898,APAP,CHARLES DAVID,GROUP C
20000914,BAILEY,JORDAN,GROUP C
19094747,BROOKS,CHARLIE,GROUP C
20000903,CARSON,SCOTT,GROUP C
19096320,CLARK,VICTORIA,GROUP C
18007937,CURLEY,NICHOLAS ANDREW,GROUP C
19094853,DICKINSON,LAUREN,GROUP C
20000079,DOOLAN,ANTHONY,GROUP C
19096373,FAIRBROTHER,DAVID,GROUP C
19094280,FINCH,GEORGE,GROUP C
19016988,FRANKS,MATTHEW DAVID,GROUP C
20000853,GALLEY,RYAN JAMES,GROUP C
19096323,GERRARD,EMILY,GROUP C
19064076,GRIFFITHS,GEORGIA,GROUP C
20000842,HILES,WILL,GROUP C
19005657,HULL,LAURA JAYNE,GROUP C
19095426,HULSE,LILLY-ANN,GROUP C
19093878,JONES,KAYLEIGH,GROUP C
19093940,KOSMAN,SZYMON,GROUP C
19096567,LAKE,PATRICK THOMAS,GROUP C
20002116,MCKEEVER,BENJAMIN,GROUP C,NS
19094844,ORFORD,STEPHANIE,GROUP C
19093099,OWEN,ALEXANDER,GROUP C
19094760,PORTER,CONNIE,GROUP C
19005922,PROUDLOVE,LUCY VICTORIA,GROUP C,EF
19094898,QUINN,JAMES,GROUP C
19096087,RASHID,SHAAN,GROUP C
20000863,SEARLE,LUKE,GROUP C
19094961,THOMAS,HARRY,GROUP C
17071925,WAREING,HARRY,GROUP C,NS
19094864,WILSON,RYAN,GROUP C
19093882,ZAJACZEK,MARCIN,GROUP C
19094878,ADAM,ZAID,GROUP D
20000963,ADETAYO,YEWANDE,GROUP D
19093266,BANORA DANSO,SULIMAN,GROUP D
19094993,BEWLEY,ROBERT,GROUP D
19093937,BRIELY,WILL OLIVER JAMES,GROUP D
19094658,CORDT,MARIANNE CHARLOTTE,GROUP D
19093873,GELEZIUNAS,EUAN,GROUP D
19094890,HASLAM,SOPHIE LOUISE,GROUP D
19095004,JONES,LUKE,GROUP D
15004421,KELLY,OLIVIA LAUREN,GROUP D
19094055,LAWLEY,RACHEL,GROUP D
19096269,MOSS,DOMINIC,GROUP D
19093259,NEWTON,HELEN,GROUP D
19094117,RAWSON,JOSHUA,GROUP D
19095990,RIGBY,SOPHIE,GROUP D,EF
19096273,RITCHIE,ADAM,GROUP D
19071968,ROGERS,THOMAS,GROUP D
19094901,SNOOK,BEN,GROUP D
19094865,THOMAS-MESSENGER,LOUIS,GROUP D
14029052,TUGWELL,NATHAN,GROUP D
19096516,WALSH,MATTHEW,GROUP D
19094285,WARNER,NATHAN,GROUP D
19013553,WILKINSON,KEIRAN,GROUP D
13121996,YATES,HOLLY,GROUP D
14027222,BRETT,LEWIS,GROUP E
19095846,BRINDLE,MATTHEW,GROUP E
19094110,BROWN,CALLUM,GROUP E
19092676,DOLAN,JAMES,GROUP E
19003236,DOMANSKA,JULIA AGNIESZKA,GROUP E
19094497,DRURY,WILLIAM,GROUP E
19094750,DUCKWORTH,JOHN,GROUP E
19095002,HOWARD,OLIVER,GROUP E
19064144,LYNCHEY,KIERA,GROUP E
19095430,MANN,ROBERT,GROUP E
19092862,NEWTON,VIKKI MICHELLE,GROUP E
19095849,NORMAN,MEGAN,GROUP E,EF
19093098,O'CONNOR,KEN,GROUP E
19094115,PARRY,BENJAMIN,GROUP E
19095013,RAINBOW,MOLLY,GROUP E
19096274,RYDER,BEN,GROUP E
19068362,SCARLE,WILLOW,GROUP E
19095790,TAYLOR,DALE,GROUP E
19095019,VELLA,ARAN,GROUP E
19092809,WARDLE,LIAM,GROUP E
18047725,ANTWI,JOSHUA,Mainframe
18060853,BRETT,DEAN,MAinframe
18060466,EJGIERD-WARING,MATTHEW,Mainframe
18060210,HOLT,DANIEL,Mainframe
18060190,JAMES,LEWIS,Mainframe
18060546,JOHNSON,FERGAL,Mainframe
18061804,KENNINGTON,ALASTAIR CHARLES,Mainframe
18060207,LAWRENCE,BENJAMIN,Mainframe
18017644,LEIGH,AMY,Mainframe
18062373,MEDLICOTT,JOE,Mainframe
18060189,PRITCHARD,CHARLIE,Mainframe
18060464,ROBERTS,BARNABY,Mainframe
18060555,SPOONER,BEN,Mainframe
18060462,THOMAIDES,OLIVER,Mainframe
18012241,WATKINS,LEWIS OLIVER,Mainframe